year,country,top_uni,top_rank,top_score,threshold,score_gap,entered_top100
2017,United States,Massachusetts Institute of Technology (MIT) ,1,100.0,62.8,37.2,1
2017,United Kingdom,University of Cambridge,4,97.2,62.8,34.4,1
2017,Switzerland,ETH Zurich - Swiss Federal Institute of Technology,8,94.2,62.8,31.4,1
2017,Singapore,National University of Singapore (NUS),12,91.5,62.8,28.7,1
2017,Australia,The Australian National University,22,87.3,62.8,24.5,1
2017,China (Mainland),Tsinghua University,24,86.0,62.8,23.2,1
2017,Hong Kong SAR,The University of Hong Kong,27,85.4,62.8,22.6,1
2017,Canada,McGill University,30,84.1,62.8,21.3,1
2017,France,"Ecole normale supérieure, Paris",33,79.9,62.8,17.1,1
2017,Japan,The University of Tokyo,34,82.6,62.8,19.8,1
2017,South Korea,Seoul National University,35,82.1,62.8,19.3,1
2017,Netherlands,University of Amsterdam,57,74.3,62.8,11.5,1
2017,Germany,Technical University of Munich,60,72.4,62.8,9.6,1
2017,Taiwan,National Taiwan University (NTU),68,70.2,62.8,7.4,1
2017,Denmark,University of Copenhagen,68,70.2,62.8,7.4,1
2017,Sweden,Lund University,73,69.1,62.8,6.3,1
2017,Belgium,KU Leuven,79,67.9,62.8,5.1,1
2017,New Zealand,The University of Auckland,81,67.3,62.8,4.5,1
2017,Argentina,Universidad de Buenos Aires (UBA),85,65.8,62.8,3.0,1
2017,Finland,University of Helsinki,91,64.7,62.8,1.9,1
2017,Ireland,"Trinity College Dublin, The University of Dublin",98,62.8,62.8,0.0,1
2017,Russia,Lomonosov Moscow State University,108,62.1,62.8,-0.7,0
2017,Norway,University of Oslo,113,60.0,62.8,-2.8,0
2017,Brazil,Universidade de São Paulo,120,59.0,62.8,-3.8,0
2017,Mexico,Universidad Nacional Autónoma de México  (UNAM),128,58.3,62.8,-4.5,0
2017,Malaysia,Universiti Malaya (UM),133,57.1,62.8,-5.7,0
2017,Chile,Pontificia Universidad Católica de Chile (UC),147,54.7,62.8,-8.1,0
2017,Israel,The Hebrew University of Jerusalem,148,54.2,62.8,-8.6,0
2017,India,Indian Institute of Science,152,53.8,62.8,-9.0,0
2017,Austria,University of Vienna,155,53.3,62.8,-9.5,0
2017,Spain,Universitat de Barcelona,160,52.6,62.8,-10.2,0
2017,Italy,Politecnico di Milano,183,48.8,62.8,-14.0,0
2017,Saudi Arabia,King Fahd University of Petroleum & Minerals,189,48.3,62.8,-14.5,0
2017,South Africa,University of Cape Town,191,48.0,62.8,-14.8,0
2017,Kazakhstan,Al-Farabi Kazakh National University,236,42.5,62.8,-20.3,0
2017,Thailand,Chulalongkorn University,252,40.6,62.8,-22.2,0
2017,Colombia,Universidad Nacional de Colombia,269,38.9,62.8,-23.9,0
2017,Portugal,University of Porto,323,35.2,62.8,-27.6,0
2018,United States,Massachusetts Institute of Technology (MIT) ,1,100.0,64.6,35.4,1
2018,United Kingdom,University of Cambridge,5,95.6,64.6,31.0,1
2018,Switzerland,ETH Zurich - Swiss Federal Institute of Technology,10,93.3,64.6,28.7,1
2018,Singapore,"Nanyang Technological University, Singapore (NTU)",11,92.2,64.6,27.6,1
2018,Australia,The Australian National University,20,87.1,64.6,22.5,1
2018,China (Mainland),Tsinghua University,25,85.6,64.6,21.0,1
2018,Hong Kong SAR,The University of Hong Kong,26,85.5,64.6,20.9,1
2018,Japan,The University of Tokyo,28,84.8,64.6,20.2,1
2018,Canada,University of Toronto,31,84.0,64.6,19.4,1
2018,South Korea,Seoul National University,36,81.5,64.6,16.9,1
2018,France,"Ecole normale supérieure, Paris",43,79.9,64.6,15.3,1
2018,Netherlands,Delft University of Technology,54,76.1,64.6,11.5,1
2018,Germany,Technical University of Munich,64,72.0,64.6,7.4,1
2018,Belgium,KU Leuven,71,69.4,64.6,4.8,1
2018,Denmark,University of Copenhagen,73,69.2,64.6,4.6,1
2018,Argentina,Universidad de Buenos Aires (UBA),75,69.1,64.6,4.5,1
2018,Taiwan,National Taiwan University (NTU),76,69.0,64.6,4.4,1
2018,Sweden,Lund University,78,68.5,64.6,3.9,1
2018,New Zealand,The University of Auckland,82,67.0,64.6,2.4,1
2018,Ireland,"Trinity College Dublin, The University of Dublin",88,65.7,64.6,1.1,1
2018,Russia,Lomonosov Moscow State University,95,65.0,64.6,0.4,1
2018,Finland,University of Helsinki,102,63.9,64.6,-0.7,0
2018,Malaysia,Universiti Malaya (UM),114,60.8,64.6,-3.8,0
2018,Brazil,Universidade de São Paulo,121,59.1,64.6,-5.5,0
2018,Mexico,Universidad Nacional Autónoma de México  (UNAM),122,59.0,64.6,-5.6,0
2018,Chile,Pontificia Universidad Católica de Chile (UC),137,56.0,64.6,-8.6,0
2018,Norway,University of Oslo,142,55.5,64.6,-9.1,0
2018,Israel,The Hebrew University of Jerusalem,145,54.7,64.6,-9.9,0
2018,Austria,University of Vienna,154,53.3,64.6,-11.3,0
2018,Spain,Universitat de Barcelona,156,52.9,64.6,-11.7,0
2018,Italy,Politecnico di Milano,170,50.9,64.6,-13.7,0
2018,India,Indian Institute of Technology Delhi (IITD),172,50.7,64.6,-13.9,0
2018,Saudi Arabia,King Fahd University of Petroleum & Minerals,173,50.3,64.6,-14.3,0
2018,South Africa,University of Cape Town,191,48.9,64.6,-15.7,0
2018,Kazakhstan,Al-Farabi Kazakh National University,236,42.9,64.6,-21.7,0
2018,Thailand,Chulalongkorn University,245,41.8,64.6,-22.8,0
2018,Colombia,Universidad Nacional de Colombia,254,40.9,64.6,-23.7,0
2018,Indonesia,Universitas Indonesia,277,39.2,64.6,-25.4,0
2018,Portugal,University of Porto,301,37.6,64.6,-27.0,0
2018,United Arab Emirates,United Arab Emirates University,390,31.1,64.6,-33.5,0
2019,United States,Massachusetts Institute of Technology (MIT) ,1,100.0,59.5,40.5,1
2019,United Kingdom,University of Oxford,5,96.8,59.5,37.3,1
2019,Switzerland,ETH Zurich - Swiss Federal Institute of Technology,7,95.3,59.5,35.8,1
2019,Singapore,National University of Singapore (NUS),11,92.0,59.5,32.5,1
2019,China (Mainland),Tsinghua University,17,87.2,59.5,27.7,1
2019,Japan,The University of Tokyo,23,85.3,59.5,25.8,1
2019,Australia,The Australian National University,24,84.4,59.5,24.9,1
2019,Hong Kong SAR,The University of Hong Kong,25,84.3,59.5,24.8,1
2019,Canada,University of Toronto,28,83.0,59.5,23.5,1
2019,South Korea,Seoul National University,36,80.6,59.5,21.1,1
2019,France,Université PSL,50,75.1,59.5,15.6,1
2019,Netherlands,Delft University of Technology,52,73.3,59.5,13.8,1
2019,Germany,Technical University of Munich,61,70.0,59.5,10.5,1
2019,Taiwan,National Taiwan University (NTU),72,66.3,59.5,6.8,1
2019,Argentina,Universidad de Buenos Aires (UBA),73,66.2,59.5,6.7,1
2019,Denmark,University of Copenhagen,79,63.5,59.5,4.0,1
2019,Belgium,KU Leuven,81,63.4,59.5,3.9,1
2019,New Zealand,The University of Auckland,85,62.8,59.5,3.3,1
2019,Malaysia,Universiti Malaya (UM),87,62.6,59.5,3.1,1
2019,Russia,Lomonosov Moscow State University,90,62.3,59.5,2.8,1
2019,Sweden,Lund University,92,62.1,59.5,2.6,1
2019,Ireland,"Trinity College Dublin, The University of Dublin",104,59.3,59.5,-0.2,0
2019,Finland,University of Helsinki,110,57.9,59.5,-1.6,0
2019,Mexico,Universidad Nacional Autónoma de México  (UNAM),113,56.8,59.5,-2.7,0
2019,Brazil,Universidade de São Paulo,118,55.5,59.5,-4.0,0
2019,Chile,Pontificia Universidad Católica de Chile (UC),132,52.9,59.5,-6.6,0
2019,Norway,University of Oslo,135,51.9,59.5,-7.6,0
2019,Israel,The Hebrew University of Jerusalem,154,49.1,59.5,-10.4,0
2019,Italy,Politecnico di Milano,156,48.7,59.5,-10.8,0
2019,Spain,Universidad Autónoma de Madrid,159,48.5,59.5,-11.0,0
2019,India,Indian Institute of Technology Bombay (IITB),162,48.2,59.5,-11.3,0
2019,Austria,University of Vienna,175,46.4,59.5,-13.1,0
2019,Saudi Arabia,King Fahd University of Petroleum & Minerals,189,45.1,59.5,-14.4,0
2019,South Africa,University of Cape Town,200,43.9,59.5,-15.6,0
2019,Kazakhstan,Al-Farabi Kazakh National University,220,41.3,59.5,-18.2,0
2019,Lebanon,American University of Beirut (AUB),237,39.0,59.5,-20.5,0
2019,Thailand,Chulalongkorn University,271,36.3,59.5,-23.2,0
2019,Colombia,Universidad de los Andes,272,36.1,59.5,-23.4,0
2019,Indonesia,Universitas Indonesia,292,34.8,59.5,-24.7,0
2019,United Arab Emirates,Khalifa University of Science and Technology,315,36.5,59.5,-23.0,0
2019,Brunei,Universiti Brunei Darussalam (UBD),323,32.7,59.5,-26.8,0
2019,Portugal,University of Porto,328,32.2,59.5,-27.3,0
2019,Poland,University of Warsaw ,394,28.5,59.5,-31.0,0
2019,Pakistan,Pakistan Institute of Engineering and Applied Sciences (PIEAS),397,28.2,59.5,-31.3,0
2019,"Iran, Islamic Republic of",Sharif University of Technology,432,26.5,59.5,-33.0,0
2019,Turkey,Koç University,448,25.8,59.5,-33.7,0
2020,United States,Massachusetts Institute of Technology (MIT) ,1,100.0,59.9,40.1,1
2020,United Kingdom,University of Oxford,4,97.2,59.9,37.3,1
2020,Switzerland,ETH Zurich - Swiss Federal Institute of Technology,6,95.9,59.9,36.0,1
2020,Singapore,"Nanyang Technological University, Singapore (NTU)",11,91.8,59.9,31.9,1
2020,China (Mainland),Tsinghua University,16,88.6,59.9,28.7,1
2020,Japan,The University of Tokyo,22,84.3,59.9,24.4,1
2020,Hong Kong SAR,The University of Hong Kong,25,83.8,59.9,23.9,1
2020,Australia,The Australian National University,29,82.1,59.9,22.2,1
2020,Canada,University of Toronto,29,82.1,59.9,22.2,1
2020,South Korea,Seoul National University,37,79.6,59.9,19.7,1
2020,Netherlands,Delft University of Technology,50,74.2,59.9,14.3,1
2020,France,Université PSL,53,73.4,59.9,13.5,1
2020,Germany,Technical University of Munich,55,72.3,59.9,12.4,1
2020,Taiwan,National Taiwan University (NTU),69,67.3,59.9,7.4,1
2020,Malaysia,Universiti Malaya (UM),70,67.1,59.9,7.2,1
2020,Argentina,Universidad de Buenos Aires (UBA),74,66.0,59.9,6.1,1
2020,Belgium,KU Leuven,80,64.1,59.9,4.2,1
2020,Denmark,University of Copenhagen,81,63.8,59.9,3.9,1
2020,New Zealand,The University of Auckland,83,63.4,59.9,3.5,1
2020,Russia,Lomonosov Moscow State University,84,63.2,59.9,3.3,1
2020,Sweden,Lund University,92,61.8,59.9,1.9,1
2020,Mexico,Universidad Nacional Autónoma de México  (UNAM),103,58.8,59.9,-1.1,0
2020,Finland,University of Helsinki,107,58.4,59.9,-1.5,0
2020,Ireland,"Trinity College Dublin, The University of Dublin",108,58.3,59.9,-1.6,0
2020,Brazil,Universidade de São Paulo,116,55.5,59.9,-4.4,0
2020,Norway,University of Oslo,119,54.7,59.9,-5.2,0
2020,Chile,Pontificia Universidad Católica de Chile (UC),127,53.4,59.9,-6.5,0
2020,Italy,Politecnico di Milano,149,50.4,59.9,-9.5,0
2020,India,Indian Institute of Technology Bombay (IITB),152,49.4,59.9,-10.5,0
2020,Austria,University of Vienna,154,49.0,59.9,-10.9,0
2020,Israel,The Hebrew University of Jerusalem,162,48.2,59.9,-11.7,0
2020,Spain,Universitat de Barcelona,165,47.9,59.9,-12.0,0
2020,Saudi Arabia,King Abdulaziz University (KAU),186,45.2,59.9,-14.7,0
2020,South Africa,University of Cape Town,198,44.1,59.9,-15.8,0
2020,Kazakhstan,Al-Farabi Kazakh National University,207,43.1,59.9,-16.8,0
2020,Colombia,Universidad de los Andes,234,39.6,59.9,-20.3,0
2020,Thailand,Chulalongkorn University,247,38.3,59.9,-21.6,0
2020,United Arab Emirates,Khalifa University of Science and Technology,268,36.5,59.9,-23.4,0
2020,Czech Republic,Charles University,291,34.8,59.9,-25.1,0
2020,Indonesia,Universitas Indonesia,296,34.7,59.9,-25.2,0
2020,Brunei,Universiti Brunei Darussalam (UBD),298,34.6,59.9,-25.3,0
2020,Poland,Jagiellonian University,338,31.9,59.9,-28.0,0
2020,Portugal,University of Lisbon ,338,31.9,59.9,-28.0,0
2020,Pakistan,Pakistan Institute of Engineering and Applied Sciences (PIEAS),375,29.2,59.9,-30.7,0
2020,"Iran, Islamic Republic of",Sharif University of Technology,407,28.0,59.9,-31.9,0
2021,United States,Massachusetts Institute of Technology (MIT) ,1,100.0,58.8,41.2,1
2021,United Kingdom,University of Oxford,5,96.7,58.8,37.9,1
2021,Switzerland,ETH Zurich - Swiss Federal Institute of Technology,6,95.0,58.8,36.2,1
2021,Singapore,National University of Singapore (NUS),11,91.5,58.8,32.7,1
2021,China (Mainland),Tsinghua University,15,89.2,58.8,30.4,1
2021,Hong Kong SAR,The University of Hong Kong,22,83.7,58.8,24.9,1
2021,Japan,The University of Tokyo,24,83.2,58.8,24.4,1
2021,Canada,University of Toronto,25,82.7,58.8,23.9,1
2021,Australia,The Australian National University,31,80.0,58.8,21.2,1
2021,South Korea,Seoul National University,37,79.0,58.8,20.2,1
2021,Germany,Technical University of Munich,50,73.6,58.8,14.8,1
2021,France,Université PSL,52,73.3,58.8,14.5,1
2021,Netherlands,Delft University of Technology,57,70.7,58.8,11.9,1
2021,Malaysia,Universiti Malaya (UM),59,70.1,58.8,11.3,1
2021,Taiwan,National Taiwan University (NTU),66,67.5,58.8,8.7,1
2021,Argentina,Universidad de Buenos Aires (UBA),66,67.5,58.8,8.7,1
2021,Russia,Lomonosov Moscow State University,74,65.9,58.8,7.1,1
2021,Denmark,University of Copenhagen,76,65.5,58.8,6.7,1
2021,New Zealand,The University of Auckland,81,64.0,58.8,5.2,1
2021,Belgium,KU Leuven,84,63.0,58.8,4.2,1
2021,Sweden,Lund University,97,60.2,58.8,1.4,1
2021,Mexico,Universidad Nacional Autónoma de México  (UNAM),100,58.8,58.8,0.0,1
2021,Ireland,"Trinity College Dublin, The University of Dublin",101,58.4,58.8,-0.4,0
2021,Finland,University of Helsinki,104,57.6,58.8,-1.2,0
2021,Norway,University of Oslo,113,55.2,58.8,-3.6,0
2021,Brazil,Universidade de São Paulo,115,54.8,58.8,-4.0,0
2021,Chile,Pontificia Universidad Católica de Chile (UC),121,53.8,58.8,-5.0,0
2021,Italy,Politecnico di Milano,137,52.4,58.8,-6.4,0
2021,Saudi Arabia,King Abdulaziz University (KAU),143,51.7,58.8,-7.1,0
2021,Austria,University of Vienna,150,50.3,58.8,-8.5,0
2021,Kazakhstan,Al-Farabi Kazakh National University,165,46.9,58.8,-11.9,0
2021,India,Indian Institute of Technology Bombay (IITB),172,46.0,58.8,-12.8,0
2021,Israel,The Hebrew University of Jerusalem,177,45.7,58.8,-13.1,0
2021,Spain,Universitat de Barcelona,183,45.4,58.8,-13.4,0
2021,Thailand,Chulalongkorn University,208,41.6,58.8,-17.2,0
2021,United Arab Emirates,Khalifa University,211,41.2,58.8,-17.6,0
2021,South Africa,University of Cape Town,220,40.4,58.8,-18.4,0
2021,Colombia,Universidad de los Andes,227,39.6,58.8,-19.2,0
2021,Indonesia,Gadjah Mada University,254,37.4,58.8,-21.4,0
2021,Brunei,Universiti Brunei Darussalam (UBD),254,37.4,58.8,-21.4,0
2021,Czech Republic,Charles University,260,36.7,58.8,-22.1,0
2021,Poland,University of Warsaw ,321,32.3,58.8,-26.5,0
2021,Pakistan,National University of Sciences And Technology (NUST) Islamabad,355,30.5,58.8,-28.3,0
2021,Portugal,University of Lisbon ,357,30.2,58.8,-28.6,0
2021,"Iran, Islamic Republic of",Sharif University of Technology,409,27.6,58.8,-31.2,0
2021,Uruguay,Universidad ORT Uruguay,462,25.3,58.8,-33.5,0
2022,United States,Massachusetts Institute of Technology (MIT) ,1,100.0,59.6,40.4,1
2022,United Kingdom,University of Oxford,2,99.5,59.6,39.9,1
2022,Switzerland,ETH Zurich - Swiss Federal Institute of Technology,8,95.4,59.6,35.8,1
2022,Singapore,National University of Singapore (NUS),11,93.9,59.6,34.3,1
2022,China (Mainland),Tsinghua University,17,89.0,59.6,29.4,1
2022,Hong Kong SAR,The University of Hong Kong,22,86.3,59.6,26.7,1
2022,Japan,The University of Tokyo,23,86.2,59.6,26.6,1
2022,Canada,University of Toronto,26,85.3,59.6,25.7,1
2022,Australia,The Australian National University,27,84.0,59.6,24.4,1
2022,South Korea,Seoul National University,36,81.7,59.6,22.1,1
2022,France,Université PSL,44,77.6,59.6,18.0,1
2022,Germany,Technical University of Munich,50,75.6,59.6,16.0,1
2022,Netherlands,University of Amsterdam,55,73.8,59.6,14.2,1
2022,Malaysia,Universiti Malaya (UM),65,69.8,59.6,10.2,1
2022,Taiwan,National Taiwan University (NTU),68,68.2,59.6,8.6,1
2022,Argentina,Universidad de Buenos Aires (UBA),69,67.9,59.6,8.3,1
2022,Belgium,KU Leuven,70,67.2,59.6,7.6,1
2022,Russia,Lomonosov Moscow State University,78,65.6,59.6,6.0,1
2022,Denmark,University of Copenhagen,79,65.5,59.6,5.9,1
2022,New Zealand,The University of Auckland,85,65.0,59.6,5.4,1
2022,Sweden,Lund University,87,63.8,59.6,4.2,1
2022,Ireland,"Trinity College Dublin, The University of Dublin",101,59.5,59.6,-0.1,0
2022,Norway,University of Oslo,102,59.0,59.6,-0.6,0
2022,Finland,University of Helsinki,104,58.5,59.6,-1.1,0
2022,Mexico,Universidad Nacional Autónoma de México  (UNAM),105,58.3,59.6,-1.3,0
2022,Saudi Arabia,King Abdulaziz University (KAU),109,57.7,59.6,-1.9,0
2022,Brazil,Universidade de São Paulo,121,55.9,59.6,-3.7,0
2022,Chile,Pontificia Universidad Católica de Chile (UC),135,53.6,59.6,-6.0,0
2022,Italy,Politecnico di Milano,142,52.5,59.6,-7.1,0
2022,Austria,University of Vienna,151,50.4,59.6,-9.2,0
2022,Spain,Universitat de Barcelona,168,47.6,59.6,-12.0,0
2022,Kazakhstan,Al-Farabi Kazakh National University,175,46.8,59.6,-12.8,0
2022,India,Indian Institute of Technology Bombay (IITB),177,46.4,59.6,-13.2,0
2022,United Arab Emirates,Khalifa University,183,46.0,59.6,-13.6,0
2022,Israel,The Hebrew University of Jerusalem,198,44.5,59.6,-15.1,0
2022,Thailand,Chulalongkorn University,215,41.9,59.6,-17.7,0
2022,South Africa,University of Cape Town,226,40.3,59.6,-19.3,0
2022,Colombia,Universidad de los Andes,236,39.6,59.6,-20.0,0
2022,Brunei,Universiti Brunei Darussalam (UBD),250,38.6,59.6,-21.0,0
2022,Indonesia,Gadjah Mada University,254,38.3,59.6,-21.3,0
2022,Czech Republic,Charles University,266,37.1,59.6,-22.5,0
2022,Portugal,University of Porto,295,34.9,59.6,-24.7,0
2022,Poland,University of Warsaw ,308,33.9,59.6,-25.7,0
2022,Pakistan,National University of Sciences And Technology (NUST) Islamabad,358,30.9,59.6,-28.7,0
2022,"Iran, Islamic Republic of",Sharif University of Technology,381,29.3,59.6,-30.3,0
2022,Uruguay,Universidad de Montevideo (UM),469,25.2,59.6,-34.4,0
2025,United States,Massachusetts Institute of Technology (MIT) ,1,100.0,59.6,40.4,1
2025,United Kingdom,Imperial College London,2,98.5,59.6,38.9,1
2025,Switzerland,ETH Zurich - Swiss Federal Institute of Technology,7,93.9,59.6,34.3,1
2025,Singapore,National University of Singapore (NUS),8,93.7,59.6,34.1,1
2025,Australia,The University of Melbourne,13,88.9,59.6,29.3,1
2025,China (Mainland),Peking University,14,88.5,59.6,28.9,1
2025,Hong Kong SAR,The University of Hong Kong,17,87.6,59.6,28.0,1
2025,France,Université PSL,24,84.7,59.6,25.1,1
2025,Canada,University of Toronto,25,84.1,59.6,24.5,1
2025,Germany,Technical University of Munich,28,83.2,59.6,23.6,1
2025,South Korea,Seoul National University,31,82.3,59.6,22.7,1
2025,Japan,The University of Tokyo,32,82.1,59.6,22.5,1
2025,Netherlands,Delft University of Technology,49,77.0,59.6,17.4,1
2025,Malaysia,Universiti Malaya (UM),60,71.2,59.6,11.6,1
2025,Belgium,KU Leuven,63,70.3,59.6,10.7,1
2025,New Zealand,The University of Auckland,65,69.7,59.6,10.1,1
2025,Taiwan,National Taiwan University (NTU),68,68.7,59.6,9.1,1
2025,Argentina,Universidad de Buenos Aires (UBA),71,67.6,59.6,8.0,1
2025,Sweden,KTH Royal Institute of Technology ,74,65.7,59.6,6.1,1
2025,Ireland,"Trinity College Dublin, The University of Dublin",87,62.9,59.6,3.3,1
2025,Brazil,Universidade de São Paulo,92,61.6,59.6,2.0,1
2025,Chile,Pontificia Universidad Católica de Chile (UC),93,61.5,59.6,1.9,1
2025,Russia,Lomonosov Moscow State University,94,61.4,59.6,1.8,1
2025,Mexico,Universidad Nacional Autónoma de México (UNAM),94,61.4,59.6,1.8,1
2025,Denmark,University of Copenhagen,100,59.6,59.6,0.0,1
2025,Saudi Arabia,King Fahd University of Petroleum & Minerals,101,59.5,59.6,-0.1,0
2025,Italy,Politecnico di Milano,111,58.2,59.6,-1.4,0
2025,Finland,Aalto University,113,57.9,59.6,-1.7,0
2025,India,Indian Institute of Technology Bombay (IITB),118,56.3,59.6,-3.3,0
2025,Norway,University of Oslo,119,56.1,59.6,-3.5,0
2025,Qatar,Qatar University,122,55.7,59.6,-3.9,0
2025,Austria,University of Vienna,137,53.9,59.6,-5.7,0
2025,Kazakhstan,Al-Farabi Kazakh National University,163,51.0,59.6,-8.6,0
2025,Spain,Complutense University of Madrid,164,50.9,59.6,-8.7,0
2025,South Africa,University of Cape Town,171,50.0,59.6,-9.6,0
2025,Colombia,Universidad de los Andes,179,48.7,59.6,-10.9,0
2025,United Arab Emirates,Khalifa University of Science and Technology,202,46.1,59.6,-13.5,0
2025,Indonesia,Universitas Indonesia,206,45.7,59.6,-13.9,0
2025,Israel,Tel Aviv University,209,45.2,59.6,-14.4,0
2025,Thailand,Chulalongkorn University,229,43.4,59.6,-16.2,0
2025,Macau SAR,University of Macau,245,41.1,59.6,-18.5,0
2025,Czech Republic,Charles University,246,41.0,59.6,-18.6,0
2025,Lebanon,American University of Beirut (AUB),250,40.6,59.6,-19.0,0
2025,Poland,University of Warsaw ,258,39.8,59.6,-19.8,0
2025,Portugal,University of Lisbon ,260,39.6,59.6,-20.0,0
2025,Turkey,Middle East Technical University,285,37.2,59.6,-22.4,0
2025,Pakistan,Quaid-i-Azam University,315,34.8,59.6,-24.8,0
2025,Greece,National Technical University of Athens,321,34.2,59.6,-25.4,0
2025,Philippines,University of the Philippines,336,33.3,59.6,-26.3,0
2025,"Iran, Islamic Republic of",Sharif University of Technology,342,33.0,59.6,-26.6,0
2025,Egypt,Cairo University,350,32.5,59.6,-27.1,0
2025,Jordan,University of Jordan,368,31.4,59.6,-28.2,0
2025,Brunei,Universiti Brunei Darussalam (UBD),385,30.4,59.6,-29.2,0
2025,Hungary,Eötvös Loránd University,564,22.1,59.6,-37.5,0
